,tweet_id,lat,lon,content,location,user,raw_source,data_point,time
836959813506646016,836959813506646016,,,Fell Apart - Play on N1M https://t.co/tnSGGMAxxd,"Steelton,PA",549851643,"{'created_at': 'Wed Mar 01 15:22:24 +0000 2017', 'id': 836959813506646016, 'id_str': '836959813506646016', 'text': 'Fell Apart - Play on N1M https://t.co/tnSGGMAxxd', 'truncated': False, 'entities': {'hashtags': [], 'symbols': [], 'user_mentions': [], 'urls': [{'url': 'https://t.co/tnSGGMAxxd', 'expanded_url': 'http://fb.me/10kbSRTIh', 'display_url': 'fb.me/10kbSRTIh', 'indices': [25, 48]}]}, 'metadata': {'iso_language_code': 'en', 'result_type': 'recent'}, 'source': '<a href=""http://www.facebook.com/twitter"" rel=""nofollow"">Facebook</a>', 'in_reply_to_status_id': None, 'in_reply_to_status_id_str': None, 'in_reply_to_user_id': None, 'in_reply_to_user_id_str': None, 'in_reply_to_screen_name': None, 'user': {'id': 549851643, 'id_str': '549851643', 'name': 'T-Stackx McMillion', 'screen_name': 'TStackxMusic', 'location': 'Steelton,PA', 'description': '23 year old Rapper/Producer. https://t.co/lVtefxP51B Follow Me https://t.co/COPC2poXLB', 'url': 'https://t.co/SXVP9Wg7eM', 'entities': {'url': {'urls': [{'url': 'https://t.co/SXVP9Wg7eM', 'expanded_url': 'https://soundcloud.com/t-stackx-music', 'display_url': 'soundcloud.com/t-stackx-music', 'indices': [0, 23]}]}, 'description': {'urls': [{'url': 'https://t.co/lVtefxP51B', 'expanded_url': 'http://Youtube.com/YoungYeMusicInc', 'display_url': 'Youtube.com/YoungYeMusicInc', 'indices': [29, 52]}, {'url': 'https://t.co/COPC2poXLB', 'expanded_url': 'http://instagram.com/tstackxmusic/', 'display_url': 'instagram.com/tstackxmusic/', 'indices': [63, 86]}]}}, 'protected': False, 'followers_count': 310, 'friends_count': 297, 'listed_count': 60, 'created_at': 'Tue Apr 10 03:18:16 +0000 2012', 'favourites_count': 71, 'utc_offset': -18000, 'time_zone': 'Eastern Time (US & Canada)', 'geo_enabled': True, 'verified': False, 'statuses_count': 2084, 'lang': 'en', 'contributors_enabled': False, 'is_translator': False, 'is_translation_enabled': False, 'profile_background_color': '131516', 'profile_background_image_url': 'http://abs.twimg.com/images/themes/theme14/bg.gif', 'profile_background_image_url_https': 'https://abs.twimg.com/images/themes/theme14/bg.gif', 'profile_background_tile': True, 'profile_image_url': 'http://pbs.twimg.com/profile_images/817115077681774596/nwr90g08_normal.jpg', 'profile_image_url_https': 'https://pbs.twimg.com/profile_images/817115077681774596/nwr90g08_normal.jpg', 'profile_banner_url': 'https://pbs.twimg.com/profile_banners/549851643/1440969099', 'profile_link_color': '00D1D1', 'profile_sidebar_border_color': 'EEEEEE', 'profile_sidebar_fill_color': 'EFEFEF', 'profile_text_color': '333333', 'profile_use_background_image': True, 'has_extended_profile': False, 'default_profile': False, 'default_profile_image': False, 'following': None, 'follow_request_sent': None, 'notifications': None, 'translator_type': 'none'}, 'geo': None, 'coordinates': None, 'place': None, 'contributors': None, 'is_quote_status': False, 'retweet_count': 0, 'favorite_count': 0, 'favorited': False, 'retweeted': False, 'possibly_sensitive': False, 'lang': 'en'}",none,Wed Mar 01 15:22:24 +0000 2017
836959798184800256,836959798184800256,,,"Parents &amp; Grandparents, you may be eligible for this program. Please watch video and contact Rabbit Transit.... https://t.co/kUHpUZHsM8","York, PA",853358054,"{'created_at': 'Wed Mar 01 15:22:20 +0000 2017', 'id': 836959798184800256, 'id_str': '836959798184800256', 'text': 'Parents &amp; Grandparents, you may be eligible for this program. Please watch video and contact Rabbit Transit.... https://t.co/kUHpUZHsM8', 'truncated': False, 'entities': {'hashtags': [], 'symbols': [], 'user_mentions': [], 'urls': [{'url': 'https://t.co/kUHpUZHsM8', 'expanded_url': 'http://fb.me/5FUKPu0uL', 'display_url': 'fb.me/5FUKPu0uL', 'indices': [116, 139]}]}, 'metadata': {'iso_language_code': 'en', 'result_type': 'recent'}, 'source': '<a href=""http://www.facebook.com/twitter"" rel=""nofollow"">Facebook</a>', 'in_reply_to_status_id': None, 'in_reply_to_status_id_str': None, 'in_reply_to_user_id': None, 'in_reply_to_user_id_str': None, 'in_reply_to_screen_name': None, 'user': {'id': 853358054, 'id_str': '853358054', 'name': 'Lincoln Charter Inc', 'screen_name': 'Lincoln_Lions', 'location': 'York, PA', 'description': 'Mission Statement:\r\nTo provide a world-class education to all students.', 'url': 'http://t.co/5ZK3MgzOlG', 'entities': {'url': {'urls': [{'url': 'http://t.co/5ZK3MgzOlG', 'expanded_url': 'http://lincolncharterschoolpa.com/', 'display_url': 'lincolncharterschoolpa.com', 'indices': [0, 22]}]}, 'description': {'urls': []}}, 'protected': False, 'followers_count': 153, 'friends_count': 207, 'listed_count': 2, 'created_at': 'Sat Sep 29 18:18:09 +0000 2012', 'favourites_count': 0, 'utc_offset': None, 'time_zone': None, 'geo_enabled': False, 'verified': False, 'statuses_count': 4354, 'lang': 'en', 'contributors_enabled': False, 'is_translator': False, 'is_translation_enabled': False, 'profile_background_color': '709397', 'profile_background_image_url': 'http://pbs.twimg.com/profile_background_images/710581738/820ebde00274749575f1e0047dbd6112.jpeg', 'profile_background_image_url_https': 'https://pbs.twimg.com/profile_background_images/710581738/820ebde00274749575f1e0047dbd6112.jpeg', 'profile_background_tile': False, 'profile_image_url': 'http://pbs.twimg.com/profile_images/2662947790/54d20b48c0f668691dfc84f4371a2e71_normal.jpeg', 'profile_image_url_https': 'https://pbs.twimg.com/profile_images/2662947790/54d20b48c0f668691dfc84f4371a2e71_normal.jpeg', 'profile_link_color': 'FF3300', 'profile_sidebar_border_color': 'FFFFFF', 'profile_sidebar_fill_color': 'A0C5C7', 'profile_text_color': '333333', 'profile_use_background_image': True, 'has_extended_profile': False, 'default_profile': False, 'default_profile_image': False, 'following': None, 'follow_request_sent': None, 'notifications': None, 'translator_type': 'none'}, 'geo': None, 'coordinates': None, 'place': None, 'contributors': None, 'is_quote_status': False, 'retweet_count': 0, 'favorite_count': 0, 'favorited': False, 'retweeted': False, 'possibly_sensitive': False, 'lang': 'en'}",none,Wed Mar 01 15:22:20 +0000 2017
836959779285258242,836959779285258242,,,@CNNPolitics I find it crazy how theyre in control of how much money they earn they give themselves bonuses raises what business allows that,"Middletown, PA",808728888264314880,"{'created_at': 'Wed Mar 01 15:22:15 +0000 2017', 'id': 836959779285258242, 'id_str': '836959779285258242', 'text': '@CNNPolitics I find it crazy how theyre in control of how much money they earn they give themselves bonuses raises what business allows that', 'truncated': False, 'entities': {'hashtags': [], 'symbols': [], 'user_mentions': [{'screen_name': 'CNNPolitics', 'name': 'CNN Politics', 'id': 13850422, 'id_str': '13850422', 'indices': [0, 12]}], 'urls': []}, 'metadata': {'iso_language_code': 'en', 'result_type': 'recent'}, 'source': '<a href=""http://twitter.com/download/android"" rel=""nofollow"">Twitter for Android</a>', 'in_reply_to_status_id': 836928390435385344, 'in_reply_to_status_id_str': '836928390435385344', 'in_reply_to_user_id': 13850422, 'in_reply_to_user_id_str': '13850422', 'in_reply_to_screen_name': 'CNNPolitics', 'user': {'id': 808728888264314880, 'id_str': '808728888264314880', 'name': 'Michael Behrendt', 'screen_name': 'mikeyb1689', 'location': 'Middletown, PA', 'description': 'living', 'url': None, 'entities': {'description': {'urls': []}}, 'protected': False, 'followers_count': 13, 'friends_count': 20, 'listed_count': 1, 'created_at': 'Tue Dec 13 17:42:47 +0000 2016', 'favourites_count': 351, 'utc_offset': None, 'time_zone': None, 'geo_enabled': False, 'verified': False, 'statuses_count': 695, 'lang': 'en', 'contributors_enabled': False, 'is_translator': False, 'is_translation_enabled': False, 'profile_background_color': 'F5F8FA', 'profile_background_image_url': None, 'profile_background_image_url_https': None, 'profile_background_tile': False, 'profile_image_url': 'http://pbs.twimg.com/profile_images/813729559669592064/4PJTC8Xc_normal.jpg', 'profile_image_url_https': 'https://pbs.twimg.com/profile_images/813729559669592064/4PJTC8Xc_normal.jpg', 'profile_link_color': '1DA1F2', 'profile_sidebar_border_color': 'C0DEED', 'profile_sidebar_fill_color': 'DDEEF6', 'profile_text_color': '333333', 'profile_use_background_image': True, 'has_extended_profile': True, 'default_profile': True, 'default_profile_image': False, 'following': None, 'follow_request_sent': None, 'notifications': None, 'translator_type': 'none'}, 'geo': None, 'coordinates': None, 'place': None, 'contributors': None, 'is_quote_status': False, 'retweet_count': 0, 'favorite_count': 0, 'favorited': False, 'retweeted': False, 'lang': 'en'}",none,Wed Mar 01 15:22:15 +0000 2017
836959773866090496,836959773866090496,,,"RT @realJeffreyLord: Trump critic Van Jones: ‚ÄòOne of the most extraordinary moments you have ever seen in American politics, period‚Äô  https‚Ä¶",,319212868,"{'created_at': 'Wed Mar 01 15:22:14 +0000 2017', 'id': 836959773866090496, 'id_str': '836959773866090496', 'text': 'RT @realJeffreyLord: Trump critic Van Jones: ‚ÄòOne of the most extraordinary moments you have ever seen in American politics, period‚Äô  https‚Ä¶', 'truncated': False, 'entities': {'hashtags': [], 'symbols': [], 'user_mentions': [{'screen_name': 'realJeffreyLord', 'name': 'Jeff Lord', 'id': 397545273, 'id_str': '397545273', 'indices': [3, 19]}], 'urls': []}, 'metadata': {'iso_language_code': 'en', 'result_type': 'recent'}, 'source': '<a href=""http://www.twitter.com"" rel=""nofollow"">Twitter for Windows Phone</a>', 'in_reply_to_status_id': None, 'in_reply_to_status_id_str': None, 'in_reply_to_user_id': None, 'in_reply_to_user_id_str': None, 'in_reply_to_screen_name': None, 'user': {'id': 319212868, 'id_str': '319212868', 'name': 'mariano965', 'screen_name': 'mariano965', 'location': '', 'description': 'USAF...66-69...Viet.vet..68-69...ex. NY transit cop...23 years heavy equip.operator ....', 'url': None, 'entities': {'description': {'urls': []}}, 'protected': False, 'followers_count': 406, 'friends_count': 118, 'listed_count': 57, 'created_at': 'Fri Jun 17 18:59:54 +0000 2011', 'favourites_count': 29037, 'utc_offset': None, 'time_zone': None, 'geo_enabled': True, 'verified': False, 'statuses_count': 35094, 'lang': 'en', 'contributors_enabled': False, 'is_translator': False, 'is_translation_enabled': False, 'profile_background_color': 'C0DEED', 'profile_background_image_url': 'http://abs.twimg.com/images/themes/theme1/bg.png', 'profile_background_image_url_https': 'https://abs.twimg.com/images/themes/theme1/bg.png', 'profile_background_tile': False, 'profile_image_url': 'http://pbs.twimg.com/profile_images/378800000054666980/cc61be8160a9cb8c93bb336ce1425db1_normal.jpeg', 'profile_image_url_https': 'https://pbs.twimg.com/profile_images/378800000054666980/cc61be8160a9cb8c93bb336ce1425db1_normal.jpeg', 'profile_link_color': '1DA1F2', 'profile_sidebar_border_color': 'C0DEED', 'profile_sidebar_fill_color': 'DDEEF6', 'profile_text_color': '333333', 'profile_use_background_image': True, 'has_extended_profile': False, 'default_profile': True, 'default_profile_image': False, 'following': None, 'follow_request_sent': None, 'notifications': None, 'translator_type': 'none'}, 'geo': None, 'coordinates': None, 'place': None, 'contributors': None, 'retweeted_status': {'created_at': 'Wed Mar 01 05:19:48 +0000 2017', 'id': 836808163831709696, 'id_str': '836808163831709696', 'text': 'Trump critic Van Jones: ‚ÄòOne of the most extraordinary moments you have ever seen in American politics, period‚Äô  https://t.co/uzv3ZB0H26', 'truncated': False, 'entities': {'hashtags': [], 'symbols': [], 'user_mentions': [], 'urls': [{'url': 'https://t.co/uzv3ZB0H26', 'expanded_url': 'https://www.washingtonpost.com/news/the-fix/wp/2017/02/28/trump-critic-van-jones-one-of-the-most-extraordinary-moments-you-have-ever-seen-in-american-politics-period/?hpid=hp_hp-cards_mhp-card-politics%3Ahomepage%2Fcard&utm_term=.ad018724fa46', 'display_url': 'washingtonpost.com/news/the-fix/w‚Ä¶', 'indices': [113, 136]}]}, 'metadata': {'iso_language_code': 'en', 'result_type': 'recent'}, 'source': '<a href=""http://www.apple.com"" rel=""nofollow"">iOS</a>', 'in_reply_to_status_id': None, 'in_reply_to_status_id_str': None, 'in_reply_to_user_id': None, 'in_reply_to_user_id_str': None, 'in_reply_to_screen_name': None, 'user': {'id': 397545273, 'id_str': '397545273', 'name': 'Jeff Lord', 'screen_name': 'realJeffreyLord', 'location': 'Harrisburg, PA', 'description': 'CNN political commentator, Reagan White House, American Spectator, Conservative Review, NewsBusters. Author. Interests: Politics, religion, writing, media.', 'url': None, 'entities': {'description': {'urls': []}}, 'protected': False, 'followers_count': 23910, 'friends_count': 186, 'listed_count': 341, 'created_at': 'Mon Oct 24 20:48:38 +0000 2011', 'favourites_count': 7, 'utc_offset': -28800, 'time_zone': 'Pacific Time (US & Canada)', 'geo_enabled': True, 'verified': False, 'statuses_count': 2418, 'lang': 'en', 'contributors_enabled': False, 'is_translator': False, 'is_translation_enabled': False, 'profile_background_color': 'C0DEED', 'profile_background_image_url': 'http://abs.twimg.com/images/themes/theme1/bg.png', 'profile_background_image_url_https': 'https://abs.twimg.com/images/themes/theme1/bg.png', 'profile_background_tile': False, 'profile_image_url': 'http://pbs.twimg.com/profile_images/520287112709410816/B3nn7rvh_normal.jpeg', 'profile_image_url_https': 'https://pbs.twimg.com/profile_images/520287112709410816/B3nn7rvh_normal.jpeg', 'profile_link_color': '1DA1F2', 'profile_sidebar_border_color': 'C0DEED', 'profile_sidebar_fill_color': 'DDEEF6', 'profile_text_color': '333333', 'profile_use_background_image': True, 'has_extended_profile': False, 'default_profile': True, 'default_profile_image': False, 'following': None, 'follow_request_sent': None, 'notifications': None, 'translator_type': 'none'}, 'geo': None, 'coordinates': None, 'place': None, 'contributors': None, 'is_quote_status': False, 'retweet_count': 300, 'favorite_count': 1092, 'favorited': False, 'retweeted': False, 'possibly_sensitive': False, 'lang': 'en'}, 'is_quote_status': False, 'retweet_count': 300, 'favorite_count': 0, 'favorited': False, 'retweeted': False, 'lang': 'en'}",none,Wed Mar 01 15:22:14 +0000 2017
836959770749853698,836959770749853698,,,Old flames can't hold a candle to you,"Elizabethtown, PA",2286787948,"{'created_at': 'Wed Mar 01 15:22:13 +0000 2017', 'id': 836959770749853698, 'id_str': '836959770749853698', 'text': ""Old flames can't hold a candle to you"", 'truncated': False, 'entities': {'hashtags': [], 'symbols': [], 'user_mentions': [], 'urls': []}, 'metadata': {'iso_language_code': 'en', 'result_type': 'recent'}, 'source': '<a href=""http://twitter.com/download/iphone"" rel=""nofollow"">Twitter for iPhone</a>', 'in_reply_to_status_id': None, 'in_reply_to_status_id_str': None, 'in_reply_to_user_id': None, 'in_reply_to_user_id_str': None, 'in_reply_to_screen_name': None, 'user': {'id': 2286787948, 'id_str': '2286787948', 'name': '–∫—á≈Ç–∑ —âitm–∑—è‚ú≠', 'screen_name': 'KyleSHITmer', 'location': 'Elizabethtown, PA', 'description': ""Etown '17 // snapchat: kylewitmer9932"", 'url': None, 'entities': {'description': {'urls': []}}, 'protected': False, 'followers_count': 297, 'friends_count': 950, 'listed_count': 0, 'created_at': 'Thu Jan 16 22:22:58 +0000 2014', 'favourites_count': 3400, 'utc_offset': None, 'time_zone': None, 'geo_enabled': True, 'verified': False, 'statuses_count': 4121, 'lang': 'en', 'contributors_enabled': False, 'is_translator': False, 'is_translation_enabled': False, 'profile_background_color': '000000', 'profile_background_image_url': 'http://abs.twimg.com/images/themes/theme1/bg.png', 'profile_background_image_url_https': 'https://abs.twimg.com/images/themes/theme1/bg.png', 'profile_background_tile': False, 'profile_image_url': 'http://pbs.twimg.com/profile_images/654850664691015680/LhWRbupe_normal.jpg', 'profile_image_url_https': 'https://pbs.twimg.com/profile_images/654850664691015680/LhWRbupe_normal.jpg', 'profile_banner_url': 'https://pbs.twimg.com/profile_banners/2286787948/1439789017', 'profile_link_color': '3B94D9', 'profile_sidebar_border_color': '000000', 'profile_sidebar_fill_color': '000000', 'profile_text_color': '000000', 'profile_use_background_image': False, 'has_extended_profile': False, 'default_profile': False, 'default_profile_image': False, 'following': None, 'follow_request_sent': None, 'notifications': None, 'translator_type': 'none'}, 'geo': None, 'coordinates': None, 'place': None, 'contributors': None, 'is_quote_status': False, 'retweet_count': 0, 'favorite_count': 0, 'favorited': False, 'retweeted': False, 'lang': 'en'}",none,Wed Mar 01 15:22:13 +0000 2017
836959770141679616,836959770141679616,,,@mistachrish @Amareisreal what did he do,"Hershey, PA",108776241,"{'created_at': 'Wed Mar 01 15:22:13 +0000 2017', 'id': 836959770141679616, 'id_str': '836959770141679616', 'text': '@mistachrish @Amareisreal what did he do', 'truncated': False, 'entities': {'hashtags': [], 'symbols': [], 'user_mentions': [{'screen_name': 'mistachrish', 'name': 'Chrish', 'id': 2923007800, 'id_str': '2923007800', 'indices': [0, 12]}, {'screen_name': 'Amareisreal', 'name': ""Amar'e Stoudemire"", 'id': 25100180, 'id_str': '25100180', 'indices': [13, 25]}], 'urls': []}, 'metadata': {'iso_language_code': 'en', 'result_type': 'recent'}, 'source': '<a href=""http://twitter.com/download/iphone"" rel=""nofollow"">Twitter for iPhone</a>', 'in_reply_to_status_id': 836935578780336128, 'in_reply_to_status_id_str': '836935578780336128', 'in_reply_to_user_id': 2923007800, 'in_reply_to_user_id_str': '2923007800', 'in_reply_to_screen_name': 'mistachrish', 'user': {'id': 108776241, 'id_str': '108776241', 'name': 'Rogue Adam Phillippy', 'screen_name': 'AdamPhillippy', 'location': 'Hershey, PA', 'description': 'Fighting for equality against Donald Trump. #ResistTrump #Resistance', 'url': None, 'entities': {'description': {'urls': []}}, 'protected': False, 'followers_count': 278, 'friends_count': 439, 'listed_count': 6, 'created_at': 'Wed Jan 27 00:41:46 +0000 2010', 'favourites_count': 18199, 'utc_offset': -18000, 'time_zone': 'Eastern Time (US & Canada)', 'geo_enabled': True, 'verified': False, 'statuses_count': 13058, 'lang': 'en', 'contributors_enabled': False, 'is_translator': False, 'is_translation_enabled': False, 'profile_background_color': 'C0DEED', 'profile_background_image_url': 'http://pbs.twimg.com/profile_background_images/439092489966723073/7DMLQi4R.jpeg', 'profile_background_image_url_https': 'https://pbs.twimg.com/profile_background_images/439092489966723073/7DMLQi4R.jpeg', 'profile_background_tile': True, 'profile_image_url': 'http://pbs.twimg.com/profile_images/795331287741595648/vSasianI_normal.jpg', 'profile_image_url_https': 'https://pbs.twimg.com/profile_images/795331287741595648/vSasianI_normal.jpg', 'profile_banner_url': 'https://pbs.twimg.com/profile_banners/108776241/1485737913', 'profile_link_color': '0084B4', 'profile_sidebar_border_color': '000000', 'profile_sidebar_fill_color': 'DDEEF6', 'profile_text_color': '333333', 'profile_use_background_image': True, 'has_extended_profile': False, 'default_profile': False, 'default_profile_image': False, 'following': None, 'follow_request_sent': None, 'notifications': None, 'translator_type': 'none'}, 'geo': None, 'coordinates': None, 'place': None, 'contributors': None, 'is_quote_status': False, 'retweet_count': 0, 'favorite_count': 0, 'favorited': False, 'retweeted': False, 'lang': 'en'}",none,Wed Mar 01 15:22:13 +0000 2017
836959758183718913,836959758183718913,,,Another #smallbizowner POI: I can now clear in three hours what I did in sales my entire first month of business. #newreleaseday,"York, PA",109379888,"{'created_at': 'Wed Mar 01 15:22:10 +0000 2017', 'id': 836959758183718913, 'id_str': '836959758183718913', 'text': 'Another #smallbizowner POI: I can now clear in three hours what I did in sales my entire first month of business. #newreleaseday', 'truncated': False, 'entities': {'hashtags': [{'text': 'smallbizowner', 'indices': [8, 22]}, {'text': 'newreleaseday', 'indices': [114, 128]}], 'symbols': [], 'user_mentions': [], 'urls': []}, 'metadata': {'iso_language_code': 'en', 'result_type': 'recent'}, 'source': '<a href=""http://twitter.com"" rel=""nofollow"">Twitter Web Client</a>', 'in_reply_to_status_id': None, 'in_reply_to_status_id_str': None, 'in_reply_to_user_id': None, 'in_reply_to_user_id_str': None, 'in_reply_to_screen_name': None, 'user': {'id': 109379888, 'id_str': '109379888', 'name': 'Paintbox Soapworks', 'screen_name': 'paintboxsoaps', 'location': 'York, PA', 'description': 'Unusual & irreverent soaps, sugar scrubs & organic lotions... I talk about food & comics & records, too. I also curse like a sailor. A lot. Sorry, Mum.', 'url': 'http://t.co/yNEkwY07ha', 'entities': {'url': {'urls': [{'url': 'http://t.co/yNEkwY07ha', 'expanded_url': 'http://www.paintboxsoapworks.com', 'display_url': 'paintboxsoapworks.com', 'indices': [0, 22]}]}, 'description': {'urls': []}}, 'protected': False, 'followers_count': 1058, 'friends_count': 717, 'listed_count': 57, 'created_at': 'Thu Jan 28 21:35:18 +0000 2010', 'favourites_count': 10422, 'utc_offset': -18000, 'time_zone': 'Eastern Time (US & Canada)', 'geo_enabled': True, 'verified': False, 'statuses_count': 20932, 'lang': 'en', 'contributors_enabled': False, 'is_translator': False, 'is_translation_enabled': False, 'profile_background_color': '000000', 'profile_background_image_url': 'http://abs.twimg.com/images/themes/theme5/bg.gif', 'profile_background_image_url_https': 'https://abs.twimg.com/images/themes/theme5/bg.gif', 'profile_background_tile': False, 'profile_image_url': 'http://pbs.twimg.com/profile_images/833714858872954881/7gt2BR_h_normal.jpg', 'profile_image_url_https': 'https://pbs.twimg.com/profile_images/833714858872954881/7gt2BR_h_normal.jpg', 'profile_banner_url': 'https://pbs.twimg.com/profile_banners/109379888/1487607990', 'profile_link_color': '3B94D9', 'profile_sidebar_border_color': '000000', 'profile_sidebar_fill_color': '000000', 'profile_text_color': '000000', 'profile_use_background_image': False, 'has_extended_profile': False, 'default_profile': False, 'default_profile_image': False, 'following': None, 'follow_request_sent': None, 'notifications': None, 'translator_type': 'none'}, 'geo': None, 'coordinates': None, 'place': None, 'contributors': None, 'is_quote_status': False, 'retweet_count': 0, 'favorite_count': 0, 'favorited': False, 'retweeted': False, 'lang': 'en'}",none,Wed Mar 01 15:22:10 +0000 2017
836959757378416641,836959757378416641,,,"@an1az1 @yb67bhatti 
ÿ¨⁄æŸàŸπ ÿå ÿ¢ÿ¨ ÿ™⁄© ÿ≥⁄Øÿ±€åŸπ Ÿæ€åŸÜ€í ÿ≥€í ⁄©Ÿàÿ¶€å ŸÜ€Å€å ŸÖÿ±ÿß ÿßŸàÿ± ÿ¨ÿØ€åÿØ ÿ™ÿ≠ŸÇ€åŸÇ ÿ≥€í ŸÜ⁄©ŸàŸπ€åŸÜ ÿØŸÖÿßÿ∫ ⁄©Ÿà ÿ≥⁄©ŸàŸÜ Ÿæ€ÅŸÜ⁄Üÿßÿ™€å €Å€í ÿå ŸæŸÑ€åÿ≤ ÿ≥ÿ±⁄Ü ⁄ØŸà⁄ØŸÑ","Manchester, PA",632908336,"{'created_at': 'Wed Mar 01 15:22:10 +0000 2017', 'id': 836959757378416641, 'id_str': '836959757378416641', 'text': '@an1az1 @yb67bhatti \nÿ¨⁄æŸàŸπ ÿå ÿ¢ÿ¨ ÿ™⁄© ÿ≥⁄Øÿ±€åŸπ Ÿæ€åŸÜ€í ÿ≥€í ⁄©Ÿàÿ¶€å ŸÜ€Å€å ŸÖÿ±ÿß ÿßŸàÿ± ÿ¨ÿØ€åÿØ ÿ™ÿ≠ŸÇ€åŸÇ ÿ≥€í ŸÜ⁄©ŸàŸπ€åŸÜ ÿØŸÖÿßÿ∫ ⁄©Ÿà ÿ≥⁄©ŸàŸÜ Ÿæ€ÅŸÜ⁄Üÿßÿ™€å €Å€í ÿå ŸæŸÑ€åÿ≤ ÿ≥ÿ±⁄Ü ⁄ØŸà⁄ØŸÑ', 'truncated': False, 'entities': {'hashtags': [], 'symbols': [], 'user_mentions': [{'screen_name': 'an1az1', 'name': 'Ahmad Hussan Khan', 'id': 1388783833, 'id_str': '1388783833', 'indices': [0, 7]}, {'screen_name': 'yb67bhatti', 'name': '# Ÿà€å€ÅŸÑÿß ÿ®ÿßÿ®Ÿà', 'id': 2560298373, 'id_str': '2560298373', 'indices': [8, 19]}], 'urls': []}, 'metadata': {'iso_language_code': 'ur', 'result_type': 'recent'}, 'source': '<a href=""http://twitter.com/download/android"" rel=""nofollow"">Twitter for Android</a>', 'in_reply_to_status_id': 836958069145939970, 'in_reply_to_status_id_str': '836958069145939970', 'in_reply_to_user_id': 1388783833, 'in_reply_to_user_id_str': '1388783833', 'in_reply_to_screen_name': 'an1az1', 'user': {'id': 632908336, 'id_str': '632908336', 'name': '\u200f⁄àÿß⁄©ŸπŸÄŸÄÿ± Ÿπ€åŸÄŸÄ⁄©ÿß', 'screen_name': 'mr_eijaz', 'location': 'Manchester, PA', 'description': '\u200f\u200f\u200f\u200f\u200f\u200f\u200f\u200f\u200f\u200f\u200f\u200f\u200f\u200f\u200f\u200f\u200f\u200f\u200f\u200f\u200f\u200f\u200f\u200f\u200f\u200f€å€Åÿß⁄∫ #ÿ¨ŸÖ€ÅŸàÿ±€åÿ™ Ÿà #ŸÖÿ∞€Åÿ®€å ÿ¥ÿØÿ™ Ÿæÿ≥ŸÜÿØŸà⁄∫ ⁄©€í ÿ∫€åÿ±ÿ¨ŸÖ€ÅŸàÿ±€å ÿ∫€åÿ± ŸÖÿ∞€Åÿ®€å #Ÿπ€å⁄©ÿß ÿπ€åŸÜ ÿ™ÿ≥ŸÑ€å ÿ®ÿÆÿ¥ ŸÑ⁄Øÿß€åÿß ÿ¨ÿßÿ™ÿß ⁄æ€í ÿ™€í ŸÜÿßŸÑ €åÿßÿØ ÿ±⁄©⁄æŸÜÿß ŸÜ€åÿ¥ŸÜŸÑ #ŸÖ⁄©ÿß ⁄Ü€åŸÖŸæÿ¶ŸÜ Ÿà€å ÿ≥ÿß⁄∫!', 'url': 'https://t.co/aZ1eCaVvHD', 'entities': {'url': {'urls': [{'url': 'https://t.co/aZ1eCaVvHD', 'expanded_url': 'https://twitter.com/search/from:@mr_eijaz', 'display_url': 'twitter.com/search/from:@m‚Ä¶', 'indices': [0, 23]}]}, 'description': {'urls': []}}, 'protected': False, 'followers_count': 2720, 'friends_count': 68, 'listed_count': 10, 'created_at': 'Wed Jul 11 13:38:17 +0000 2012', 'favourites_count': 20167, 'utc_offset': None, 'time_zone': None, 'geo_enabled': True, 'verified': False, 'statuses_count': 27375, 'lang': 'en', 'contributors_enabled': False, 'is_translator': False, 'is_translation_enabled': False, 'profile_background_color': 'C0DEED', 'profile_background_image_url': 'http://abs.twimg.com/images/themes/theme1/bg.png', 'profile_background_image_url_https': 'https://abs.twimg.com/images/themes/theme1/bg.png', 'profile_background_tile': False, 'profile_image_url': 'http://pbs.twimg.com/profile_images/807156952908394496/wSZYLoPU_normal.jpg', 'profile_image_url_https': 'https://pbs.twimg.com/profile_images/807156952908394496/wSZYLoPU_normal.jpg', 'profile_banner_url': 'https://pbs.twimg.com/profile_banners/632908336/1487008759', 'profile_link_color': '1DA1F2', 'profile_sidebar_border_color': 'C0DEED', 'profile_sidebar_fill_color': 'DDEEF6', 'profile_text_color': '333333', 'profile_use_background_image': True, 'has_extended_profile': True, 'default_profile': True, 'default_profile_image': False, 'following': None, 'follow_request_sent': None, 'notifications': None, 'translator_type': 'none'}, 'geo': None, 'coordinates': None, 'place': None, 'contributors': None, 'is_quote_status': False, 'retweet_count': 0, 'favorite_count': 0, 'favorited': False, 'retweeted': False, 'lang': 'ur'}",none,Wed Mar 01 15:22:10 +0000 2017
836959756325634050,836959756325634050,,,@ClassicSophie @WillieGeist @VP @Morning_Joe Obama failed politician vs Trump successful businessman?  No comparison. I choose success!,YORK PA,250629675,"{'created_at': 'Wed Mar 01 15:22:10 +0000 2017', 'id': 836959756325634050, 'id_str': '836959756325634050', 'text': '@ClassicSophie @WillieGeist @VP @Morning_Joe Obama failed politician vs Trump successful businessman?  No comparison. I choose success!', 'truncated': False, 'entities': {'hashtags': [], 'symbols': [], 'user_mentions': [{'screen_name': 'ClassicSophie', 'name': 'Sophie Katherine G.', 'id': 274178480, 'id_str': '274178480', 'indices': [0, 14]}, {'screen_name': 'WillieGeist', 'name': 'Willie Geist', 'id': 17291393, 'id_str': '17291393', 'indices': [15, 27]}, {'screen_name': 'VP', 'name': 'Vice President Pence', 'id': 818910970567344128, 'id_str': '818910970567344128', 'indices': [28, 31]}, {'screen_name': 'Morning_Joe', 'name': 'Morning Joe', 'id': 254117355, 'id_str': '254117355', 'indices': [32, 44]}], 'urls': []}, 'metadata': {'iso_language_code': 'en', 'result_type': 'recent'}, 'source': '<a href=""http://twitter.com/download/iphone"" rel=""nofollow"">Twitter for iPhone</a>', 'in_reply_to_status_id': 836919481788162053, 'in_reply_to_status_id_str': '836919481788162053', 'in_reply_to_user_id': 274178480, 'in_reply_to_user_id_str': '274178480', 'in_reply_to_screen_name': 'ClassicSophie', 'user': {'id': 250629675, 'id_str': '250629675', 'name': 'Truth Triumphs', 'screen_name': 'kasaub2005', 'location': 'YORK PA', 'description': 'Life long York native. I have three grown beautiful daughter and four awesome grandchildren that I love very much.', 'url': None, 'entities': {'description': {'urls': []}}, 'protected': False, 'followers_count': 134, 'friends_count': 178, 'listed_count': 3, 'created_at': 'Fri Feb 11 13:41:31 +0000 2011', 'favourites_count': 4896, 'utc_offset': None, 'time_zone': None, 'geo_enabled': False, 'verified': False, 'statuses_count': 4792, 'lang': 'en', 'contributors_enabled': False, 'is_translator': False, 'is_translation_enabled': False, 'profile_background_color': 'C0DEED', 'profile_background_image_url': 'http://abs.twimg.com/images/themes/theme1/bg.png', 'profile_background_image_url_https': 'https://abs.twimg.com/images/themes/theme1/bg.png', 'profile_background_tile': False, 'profile_image_url': 'http://pbs.twimg.com/profile_images/1245092102/Photo_on_2010-04-12_at_01.09_normal.jpg', 'profile_image_url_https': 'https://pbs.twimg.com/profile_images/1245092102/Photo_on_2010-04-12_at_01.09_normal.jpg', 'profile_link_color': '1DA1F2', 'profile_sidebar_border_color': 'C0DEED', 'profile_sidebar_fill_color': 'DDEEF6', 'profile_text_color': '333333', 'profile_use_background_image': True, 'has_extended_profile': False, 'default_profile': True, 'default_profile_image': False, 'following': None, 'follow_request_sent': None, 'notifications': None, 'translator_type': 'none'}, 'geo': None, 'coordinates': None, 'place': None, 'contributors': None, 'is_quote_status': False, 'retweet_count': 0, 'favorite_count': 0, 'favorited': False, 'retweeted': False, 'lang': 'en'}",none,Wed Mar 01 15:22:10 +0000 2017
836959754790580224,836959754790580224,,,"Ok everyone, we're half way to Friday!  Here's what's on deck this week:

Roast Turkey and Filling
Hot Turkey... https://t.co/MkWJflvUIL","York, PA",177727846,"{'created_at': 'Wed Mar 01 15:22:10 +0000 2017', 'id': 836959754790580224, 'id_str': '836959754790580224', 'text': ""Ok everyone, we're half way to Friday!  Here's what's on deck this week:\n\nRoast Turkey and Filling\nHot Turkey... https://t.co/MkWJflvUIL"", 'truncated': False, 'entities': {'hashtags': [], 'symbols': [], 'user_mentions': [], 'urls': [{'url': 'https://t.co/MkWJflvUIL', 'expanded_url': 'http://fb.me/5IhyqxLVd', 'display_url': 'fb.me/5IhyqxLVd', 'indices': [113, 136]}]}, 'metadata': {'iso_language_code': 'en', 'result_type': 'recent'}, 'source': '<a href=""http://www.facebook.com/twitter"" rel=""nofollow"">Facebook</a>', 'in_reply_to_status_id': None, 'in_reply_to_status_id_str': None, 'in_reply_to_user_id': None, 'in_reply_to_user_id_str': None, 'in_reply_to_screen_name': None, 'user': {'id': 177727846, 'id_str': '177727846', 'name': ""Kusty's Corner Cafe"", 'screen_name': 'Kustys', 'location': 'York, PA', 'description': '', 'url': None, 'entities': {'description': {'urls': []}}, 'protected': False, 'followers_count': 13, 'friends_count': 3, 'listed_count': 0, 'created_at': 'Thu Aug 12 22:43:22 +0000 2010', 'favourites_count': 0, 'utc_offset': None, 'time_zone': None, 'geo_enabled': True, 'verified': False, 'statuses_count': 217, 'lang': 'en', 'contributors_enabled': False, 'is_translator': False, 'is_translation_enabled': False, 'profile_background_color': 'C0DEED', 'profile_background_image_url': 'http://abs.twimg.com/images/themes/theme1/bg.png', 'profile_background_image_url_https': 'https://abs.twimg.com/images/themes/theme1/bg.png', 'profile_background_tile': False, 'profile_image_url': 'http://abs.twimg.com/sticky/default_profile_images/default_profile_2_normal.png', 'profile_image_url_https': 'https://abs.twimg.com/sticky/default_profile_images/default_profile_2_normal.png', 'profile_link_color': '1DA1F2', 'profile_sidebar_border_color': 'C0DEED', 'profile_sidebar_fill_color': 'DDEEF6', 'profile_text_color': '333333', 'profile_use_background_image': True, 'has_extended_profile': False, 'default_profile': True, 'default_profile_image': True, 'following': None, 'follow_request_sent': None, 'notifications': None, 'translator_type': 'none'}, 'geo': None, 'coordinates': None, 'place': None, 'contributors': None, 'is_quote_status': False, 'retweet_count': 0, 'favorite_count': 0, 'favorited': False, 'retweeted': False, 'possibly_sensitive': False, 'lang': 'en'}",none,Wed Mar 01 15:22:10 +0000 2017
836959753830031362,836959753830031362,,,@ASVPking ü§∑‚Äç‚ôÇÔ∏è,millerstown,497598664,"{'created_at': 'Wed Mar 01 15:22:09 +0000 2017', 'id': 836959753830031362, 'id_str': '836959753830031362', 'text': '@ASVPking ü§∑\u200d‚ôÇÔ∏è', 'truncated': False, 'entities': {'hashtags': [], 'symbols': [], 'user_mentions': [{'screen_name': 'ASVPking', 'name': 'Mack Wright', 'id': 342472267, 'id_str': '342472267', 'indices': [0, 9]}], 'urls': []}, 'metadata': {'iso_language_code': 'und', 'result_type': 'recent'}, 'source': '<a href=""http://twitter.com/download/iphone"" rel=""nofollow"">Twitter for iPhone</a>', 'in_reply_to_status_id': 836959468529254400, 'in_reply_to_status_id_str': '836959468529254400', 'in_reply_to_user_id': 342472267, 'in_reply_to_user_id_str': '342472267', 'in_reply_to_screen_name': 'ASVPking', 'user': {'id': 497598664, 'id_str': '497598664', 'name': 'DEAD BLAKE', 'screen_name': 'campbellprc26', 'location': 'millerstown', 'description': ""life's to short not to have a micropig in a raincoat and booties"", 'url': None, 'entities': {'description': {'urls': []}}, 'protected': False, 'followers_count': 130, 'friends_count': 557, 'listed_count': 1, 'created_at': 'Mon Feb 20 05:07:12 +0000 2012', 'favourites_count': 2304, 'utc_offset': None, 'time_zone': None, 'geo_enabled': True, 'verified': False, 'statuses_count': 2674, 'lang': 'en', 'contributors_enabled': False, 'is_translator': False, 'is_translation_enabled': False, 'profile_background_color': 'C0DEED', 'profile_background_image_url': 'http://abs.twimg.com/images/themes/theme1/bg.png', 'profile_background_image_url_https': 'https://abs.twimg.com/images/themes/theme1/bg.png', 'profile_background_tile': False, 'profile_image_url': 'http://pbs.twimg.com/profile_images/783151205904162818/xv17r0Pf_normal.jpg', 'profile_image_url_https': 'https://pbs.twimg.com/profile_images/783151205904162818/xv17r0Pf_normal.jpg', 'profile_banner_url': 'https://pbs.twimg.com/profile_banners/497598664/1471402849', 'profile_link_color': '1DA1F2', 'profile_sidebar_border_color': 'C0DEED', 'profile_sidebar_fill_color': 'DDEEF6', 'profile_text_color': '333333', 'profile_use_background_image': True, 'has_extended_profile': False, 'default_profile': True, 'default_profile_image': False, 'following': None, 'follow_request_sent': None, 'notifications': None, 'translator_type': 'none'}, 'geo': None, 'coordinates': None, 'place': None, 'contributors': None, 'is_quote_status': False, 'retweet_count': 0, 'favorite_count': 0, 'favorited': False, 'retweeted': False, 'lang': 'und'}",none,Wed Mar 01 15:22:09 +0000 2017
836959731973517312,836959731973517312,,,I see so many parallels. https://t.co/MH8axuuf05,"Lewisberry, PA",412749418,"{'created_at': 'Wed Mar 01 15:22:04 +0000 2017', 'id': 836959731973517312, 'id_str': '836959731973517312', 'text': 'I see so many parallels. https://t.co/MH8axuuf05', 'truncated': False, 'entities': {'hashtags': [], 'symbols': [], 'user_mentions': [], 'urls': [{'url': 'https://t.co/MH8axuuf05', 'expanded_url': 'https://twitter.com/Emy4Trump/status/836959578445094912', 'display_url': 'twitter.com/Emy4Trump/stat‚Ä¶', 'indices': [25, 48]}]}, 'metadata': {'iso_language_code': 'en', 'result_type': 'recent'}, 'source': '<a href=""http://twitter.com"" rel=""nofollow"">Twitter Web Client</a>', 'in_reply_to_status_id': None, 'in_reply_to_status_id_str': None, 'in_reply_to_user_id': None, 'in_reply_to_user_id_str': None, 'in_reply_to_screen_name': None, 'user': {'id': 412749418, 'id_str': '412749418', 'name': 'Christopher Mahoney', 'screen_name': 'christophermah3', 'location': 'Lewisberry, PA', 'description': '30 years on Wall Street. Libertarian. Intellectually heterodox.Topics: credit, finance, economics, politics. Warning: Most of my tweets are ironic or sarcastic.', 'url': 'http://t.co/MIH10uAHHF', 'entities': {'url': {'urls': [{'url': 'http://t.co/MIH10uAHHF', 'expanded_url': 'http://www.capitalismandfredom.blogspot.com', 'display_url': 'capitalismandfredom.blogspot.com', 'indices': [0, 22]}]}, 'description': {'urls': []}}, 'protected': False, 'followers_count': 1862, 'friends_count': 4293, 'listed_count': 64, 'created_at': 'Tue Nov 15 02:55:35 +0000 2011', 'favourites_count': 40, 'utc_offset': -18000, 'time_zone': 'Eastern Time (US & Canada)', 'geo_enabled': False, 'verified': False, 'statuses_count': 35970, 'lang': 'en', 'contributors_enabled': False, 'is_translator': False, 'is_translation_enabled': False, 'profile_background_color': 'C0DEED', 'profile_background_image_url': 'http://abs.twimg.com/images/themes/theme1/bg.png', 'profile_background_image_url_https': 'https://abs.twimg.com/images/themes/theme1/bg.png', 'profile_background_tile': False, 'profile_image_url': 'http://pbs.twimg.com/profile_images/673565164063494144/DBG2i2SX_normal.jpg', 'profile_image_url_https': 'https://pbs.twimg.com/profile_images/673565164063494144/DBG2i2SX_normal.jpg', 'profile_banner_url': 'https://pbs.twimg.com/profile_banners/412749418/1439322774', 'profile_link_color': '1DA1F2', 'profile_sidebar_border_color': 'C0DEED', 'profile_sidebar_fill_color': 'DDEEF6', 'profile_text_color': '333333', 'profile_use_background_image': True, 'has_extended_profile': True, 'default_profile': True, 'default_profile_image': False, 'following': None, 'follow_request_sent': None, 'notifications': None, 'translator_type': 'none'}, 'geo': None, 'coordinates': None, 'place': None, 'contributors': None, 'is_quote_status': True, 'quoted_status_id': 836959578445094912, 'quoted_status_id_str': '836959578445094912', 'quoted_status': {'created_at': 'Wed Mar 01 15:21:28 +0000 2017', 'id': 836959578445094912, 'id_str': '836959578445094912', 'text': 'Trump‚Äôs win made Oprah think she could be president, too https://t.co/MNqXLrfog8 https://t.co/UZ3FMOm5Lg', 'truncated': False, 'entities': {'hashtags': [], 'symbols': [], 'user_mentions': [], 'urls': [{'url': 'https://t.co/MNqXLrfog8', 'expanded_url': 'http://USATrump.co.vu/5BX', 'display_url': 'USATrump.co.vu/5BX', 'indices': [57, 80]}], 'media': [{'id': 836959573583917057, 'id_str': '836959573583917057', 'indices': [81, 104], 'media_url': 'http://pbs.twimg.com/media/C516TDrU8AEYREv.jpg', 'media_url_https': 'https://pbs.twimg.com/media/C516TDrU8AEYREv.jpg', 'url': 'https://t.co/UZ3FMOm5Lg', 'display_url': 'pic.twitter.com/UZ3FMOm5Lg', 'expanded_url': 'https://twitter.com/Emy4Trump/status/836959578445094912/photo/1', 'type': 'photo', 'sizes': {'thumb': {'w': 150, 'h': 150, 'resize': 'crop'}, 'medium': {'w': 1200, 'h': 675, 'resize': 'fit'}, 'small': {'w': 680, 'h': 383, 'resize': 'fit'}, 'large': {'w': 1280, 'h': 720, 'resize': 'fit'}}}]}, 'extended_entities': {'media': [{'id': 836959573583917057, 'id_str': '836959573583917057', 'indices': [81, 104], 'media_url': 'http://pbs.twimg.com/media/C516TDrU8AEYREv.jpg', 'media_url_https': 'https://pbs.twimg.com/media/C516TDrU8AEYREv.jpg', 'url': 'https://t.co/UZ3FMOm5Lg', 'display_url': 'pic.twitter.com/UZ3FMOm5Lg', 'expanded_url': 'https://twitter.com/Emy4Trump/status/836959578445094912/photo/1', 'type': 'photo', 'sizes': {'thumb': {'w': 150, 'h': 150, 'resize': 'crop'}, 'medium': {'w': 1200, 'h': 675, 'resize': 'fit'}, 'small': {'w': 680, 'h': 383, 'resize': 'fit'}, 'large': {'w': 1280, 'h': 720, 'resize': 'fit'}}}]}, 'metadata': {'iso_language_code': 'en', 'result_type': 'recent'}, 'source': '<a href=""https://dlvrit.com/"" rel=""nofollow"">dlvr.it</a>', 'in_reply_to_status_id': None, 'in_reply_to_status_id_str': None, 'in_reply_to_user_id': None, 'in_reply_to_user_id_str': None, 'in_reply_to_screen_name': None, 'user': {'id': 768499611027640320, 'id_str': '768499611027640320', 'name': 'Deplorable Emy', 'screen_name': 'Emy4Trump', 'location': 'Nueva York, USA', 'description': '#Trump #NeverClinton #Trump2016 #SecondAmendment #FirstAmendment #ImpeachObama #Army #VeteransforTrump #Alllivesmatter', 'url': 'https://t.co/04i3lYK5Ho', 'entities': {'url': {'urls': [{'url': 'https://t.co/04i3lYK5Ho', 'expanded_url': 'http://bit.ly/2hmD7HP', 'display_url': 'bit.ly/2hmD7HP', 'indices': [0, 23]}]}, 'description': {'urls': []}}, 'protected': False, 'followers_count': 13219, 'friends_count': 12045, 'listed_count': 43, 'created_at': 'Wed Aug 24 17:26:00 +0000 2016', 'favourites_count': 1626, 'utc_offset': None, 'time_zone': None, 'geo_enabled': False, 'verified': False, 'statuses_count': 35277, 'lang': 'es', 'contributors_enabled': False, 'is_translator': False, 'is_translation_enabled': False, 'profile_background_color': 'F5F8FA', 'profile_background_image_url': None, 'profile_background_image_url_https': None, 'profile_background_tile': False, 'profile_image_url': 'http://pbs.twimg.com/profile_images/768504275823624192/DqBX4eai_normal.jpg', 'profile_image_url_https': 'https://pbs.twimg.com/profile_images/768504275823624192/DqBX4eai_normal.jpg', 'profile_banner_url': 'https://pbs.twimg.com/profile_banners/768499611027640320/1472060904', 'profile_link_color': '1DA1F2', 'profile_sidebar_border_color': 'C0DEED', 'profile_sidebar_fill_color': 'DDEEF6', 'profile_text_color': '333333', 'profile_use_background_image': True, 'has_extended_profile': True, 'default_profile': True, 'default_profile_image': False, 'following': None, 'follow_request_sent': None, 'notifications': None, 'translator_type': 'none'}, 'geo': None, 'coordinates': None, 'place': None, 'contributors': None, 'is_quote_status': False, 'retweet_count': 0, 'favorite_count': 0, 'favorited': False, 'retweeted': False, 'possibly_sensitive': False, 'lang': 'en'}, 'retweet_count': 0, 'favorite_count': 0, 'favorited': False, 'retweeted': False, 'possibly_sensitive': False, 'lang': 'en'}",none,Wed Mar 01 15:22:04 +0000 2017
836959730627145729,836959730627145729,,,starvingggggg,"York, PA",830256925703024642,"{'created_at': 'Wed Mar 01 15:22:04 +0000 2017', 'id': 836959730627145729, 'id_str': '836959730627145729', 'text': 'starvingggggg', 'truncated': False, 'entities': {'hashtags': [], 'symbols': [], 'user_mentions': [], 'urls': []}, 'metadata': {'iso_language_code': 'en', 'result_type': 'recent'}, 'source': '<a href=""http://twitter.com/download/iphone"" rel=""nofollow"">Twitter for iPhone</a>', 'in_reply_to_status_id': None, 'in_reply_to_status_id_str': None, 'in_reply_to_user_id': None, 'in_reply_to_user_id_str': None, 'in_reply_to_screen_name': None, 'user': {'id': 830256925703024642, 'id_str': '830256925703024642', 'name': 'abigalees', 'screen_name': 'abigalees', 'location': 'York, PA', 'description': '', 'url': None, 'entities': {'description': {'urls': []}}, 'protected': False, 'followers_count': 31, 'friends_count': 37, 'listed_count': 0, 'created_at': 'Sat Feb 11 03:27:31 +0000 2017', 'favourites_count': 32, 'utc_offset': None, 'time_zone': None, 'geo_enabled': False, 'verified': False, 'statuses_count': 58, 'lang': 'en', 'contributors_enabled': False, 'is_translator': False, 'is_translation_enabled': False, 'profile_background_color': 'F5F8FA', 'profile_background_image_url': None, 'profile_background_image_url_https': None, 'profile_background_tile': False, 'profile_image_url': 'http://pbs.twimg.com/profile_images/833501099126579200/0PwXHdIi_normal.jpg', 'profile_image_url_https': 'https://pbs.twimg.com/profile_images/833501099126579200/0PwXHdIi_normal.jpg', 'profile_banner_url': 'https://pbs.twimg.com/profile_banners/830256925703024642/1487976879', 'profile_link_color': '1DA1F2', 'profile_sidebar_border_color': 'C0DEED', 'profile_sidebar_fill_color': 'DDEEF6', 'profile_text_color': '333333', 'profile_use_background_image': True, 'has_extended_profile': True, 'default_profile': True, 'default_profile_image': False, 'following': None, 'follow_request_sent': None, 'notifications': None, 'translator_type': 'none'}, 'geo': None, 'coordinates': None, 'place': None, 'contributors': None, 'is_quote_status': False, 'retweet_count': 0, 'favorite_count': 0, 'favorited': False, 'retweeted': False, 'lang': 'en'}",none,Wed Mar 01 15:22:04 +0000 2017
836959702022045699,836959702022045699,,,Wish oli was awake üòë,"York, PA",830256925703024642,"{'created_at': 'Wed Mar 01 15:21:57 +0000 2017', 'id': 836959702022045699, 'id_str': '836959702022045699', 'text': 'Wish oli was awake üòë', 'truncated': False, 'entities': {'hashtags': [], 'symbols': [], 'user_mentions': [], 'urls': []}, 'metadata': {'iso_language_code': 'en', 'result_type': 'recent'}, 'source': '<a href=""http://twitter.com/download/iphone"" rel=""nofollow"">Twitter for iPhone</a>', 'in_reply_to_status_id': None, 'in_reply_to_status_id_str': None, 'in_reply_to_user_id': None, 'in_reply_to_user_id_str': None, 'in_reply_to_screen_name': None, 'user': {'id': 830256925703024642, 'id_str': '830256925703024642', 'name': 'abigalees', 'screen_name': 'abigalees', 'location': 'York, PA', 'description': '', 'url': None, 'entities': {'description': {'urls': []}}, 'protected': False, 'followers_count': 31, 'friends_count': 37, 'listed_count': 0, 'created_at': 'Sat Feb 11 03:27:31 +0000 2017', 'favourites_count': 32, 'utc_offset': None, 'time_zone': None, 'geo_enabled': False, 'verified': False, 'statuses_count': 58, 'lang': 'en', 'contributors_enabled': False, 'is_translator': False, 'is_translation_enabled': False, 'profile_background_color': 'F5F8FA', 'profile_background_image_url': None, 'profile_background_image_url_https': None, 'profile_background_tile': False, 'profile_image_url': 'http://pbs.twimg.com/profile_images/833501099126579200/0PwXHdIi_normal.jpg', 'profile_image_url_https': 'https://pbs.twimg.com/profile_images/833501099126579200/0PwXHdIi_normal.jpg', 'profile_banner_url': 'https://pbs.twimg.com/profile_banners/830256925703024642/1487976879', 'profile_link_color': '1DA1F2', 'profile_sidebar_border_color': 'C0DEED', 'profile_sidebar_fill_color': 'DDEEF6', 'profile_text_color': '333333', 'profile_use_background_image': True, 'has_extended_profile': True, 'default_profile': True, 'default_profile_image': False, 'following': None, 'follow_request_sent': None, 'notifications': None, 'translator_type': 'none'}, 'geo': None, 'coordinates': None, 'place': None, 'contributors': None, 'is_quote_status': False, 'retweet_count': 0, 'favorite_count': 0, 'favorited': False, 'retweeted': False, 'lang': 'en'}",none,Wed Mar 01 15:21:57 +0000 2017
836959674012401670,836959674012401670,,,Either everyone else requires more sleep than me or everyone just likes to complain about their lack of sleep ü§î,"Mechanicsburg, PA",192697029,"{'created_at': 'Wed Mar 01 15:21:50 +0000 2017', 'id': 836959674012401670, 'id_str': '836959674012401670', 'text': 'Either everyone else requires more sleep than me or everyone just likes to complain about their lack of sleep ü§î', 'truncated': False, 'entities': {'hashtags': [], 'symbols': [], 'user_mentions': [], 'urls': []}, 'metadata': {'iso_language_code': 'en', 'result_type': 'recent'}, 'source': '<a href=""http://twitter.com/download/iphone"" rel=""nofollow"">Twitter for iPhone</a>', 'in_reply_to_status_id': None, 'in_reply_to_status_id_str': None, 'in_reply_to_user_id': None, 'in_reply_to_user_id_str': None, 'in_reply_to_screen_name': None, 'user': {'id': 192697029, 'id_str': '192697029', 'name': 'rachel', 'screen_name': 'rmartinnnnn', 'location': 'Mechanicsburg, PA', 'description': 'Messiah 2020. Share the love. Liberty for all.', 'url': None, 'entities': {'description': {'urls': []}}, 'protected': False, 'followers_count': 1204, 'friends_count': 872, 'listed_count': 2, 'created_at': 'Sun Sep 19 22:20:51 +0000 2010', 'favourites_count': 14599, 'utc_offset': -18000, 'time_zone': 'Eastern Time (US & Canada)', 'geo_enabled': True, 'verified': False, 'statuses_count': 8789, 'lang': 'en', 'contributors_enabled': False, 'is_translator': False, 'is_translation_enabled': False, 'profile_background_color': '9266CC', 'profile_background_image_url': 'http://pbs.twimg.com/profile_background_images/289920711/IMG_0029.jpg', 'profile_background_image_url_https': 'https://pbs.twimg.com/profile_background_images/289920711/IMG_0029.jpg', 'profile_background_tile': False, 'profile_image_url': 'http://pbs.twimg.com/profile_images/825190112543784960/To0pJItm_normal.jpg', 'profile_image_url_https': 'https://pbs.twimg.com/profile_images/825190112543784960/To0pJItm_normal.jpg', 'profile_banner_url': 'https://pbs.twimg.com/profile_banners/192697029/1486317245', 'profile_link_color': '447755', 'profile_sidebar_border_color': '000000', 'profile_sidebar_fill_color': '7AC3EE', 'profile_text_color': 'D852FA', 'profile_use_background_image': False, 'has_extended_profile': True, 'default_profile': False, 'default_profile_image': False, 'following': None, 'follow_request_sent': None, 'notifications': None, 'translator_type': 'none'}, 'geo': None, 'coordinates': None, 'place': None, 'contributors': None, 'is_quote_status': False, 'retweet_count': 0, 'favorite_count': 0, 'favorited': False, 'retweeted': False, 'lang': 'en'}",none,Wed Mar 01 15:21:50 +0000 2017
836956957592465408,836956957592465408,,,"I liked a @YouTube video https://t.co/uHenEwyY61 Sen. Rubio on Trump's immigration plan, replacing Obamacare","Harrisburg, PA",407799877,"{'created_at': 'Wed Mar 01 15:11:03 +0000 2017', 'id': 836956957592465408, 'id_str': '836956957592465408', 'text': ""I liked a @YouTube video https://t.co/uHenEwyY61 Sen. Rubio on Trump's immigration plan, replacing Obamacare"", 'truncated': False, 'entities': {'hashtags': [], 'symbols': [], 'user_mentions': [{'screen_name': 'YouTube', 'name': 'YouTube', 'id': 10228272, 'id_str': '10228272', 'indices': [10, 18]}], 'urls': [{'url': 'https://t.co/uHenEwyY61', 'expanded_url': 'http://youtu.be/F7GF-_0qCqE?a', 'display_url': 'youtu.be/F7GF-_0qCqE?a', 'indices': [25, 48]}]}, 'metadata': {'iso_language_code': 'en', 'result_type': 'recent'}, 'source': '<a href=""http://www.google.com/"" rel=""nofollow"">Google</a>', 'in_reply_to_status_id': None, 'in_reply_to_status_id_str': None, 'in_reply_to_user_id': None, 'in_reply_to_user_id_str': None, 'in_reply_to_screen_name': None, 'user': {'id': 407799877, 'id_str': '407799877', 'name': 'Cycle Forward Films', 'screen_name': 'CycleForward', 'location': 'Harrisburg, PA', 'description': 'Originally Based in Harrisburg Pennsylvania, now the Philippines Cycle Forward Films is poised to emerge as a major producer of filmed content for the world.', 'url': 'https://t.co/xJDdrZ6kdk', 'entities': {'url': {'urls': [{'url': 'https://t.co/xJDdrZ6kdk', 'expanded_url': 'http://www.cycleforwardfilms.com/', 'display_url': 'cycleforwardfilms.com', 'indices': [0, 23]}]}, 'description': {'urls': []}}, 'protected': False, 'followers_count': 469, 'friends_count': 2004, 'listed_count': 17, 'created_at': 'Tue Nov 08 15:31:46 +0000 2011', 'favourites_count': 210, 'utc_offset': -21600, 'time_zone': 'Central Time (US & Canada)', 'geo_enabled': True, 'verified': False, 'statuses_count': 15981, 'lang': 'en', 'contributors_enabled': False, 'is_translator': False, 'is_translation_enabled': False, 'profile_background_color': '8B542B', 'profile_background_image_url': 'http://abs.twimg.com/images/themes/theme8/bg.gif', 'profile_background_image_url_https': 'https://abs.twimg.com/images/themes/theme8/bg.gif', 'profile_background_tile': False, 'profile_image_url': 'http://pbs.twimg.com/profile_images/1628960317/cycleforwardlogo_normal.jpg', 'profile_image_url_https': 'https://pbs.twimg.com/profile_images/1628960317/cycleforwardlogo_normal.jpg', 'profile_banner_url': 'https://pbs.twimg.com/profile_banners/407799877/1463672074', 'profile_link_color': '9D582E', 'profile_sidebar_border_color': 'D9B17E', 'profile_sidebar_fill_color': 'EADEAA', 'profile_text_color': '333333', 'profile_use_background_image': True, 'has_extended_profile': False, 'default_profile': False, 'default_profile_image': False, 'following': None, 'follow_request_sent': None, 'notifications': None, 'translator_type': 'none'}, 'geo': None, 'coordinates': None, 'place': None, 'contributors': None, 'is_quote_status': False, 'retweet_count': 0, 'favorite_count': 0, 'favorited': False, 'retweeted': False, 'possibly_sensitive': True, 'lang': 'en'}",none,Wed Mar 01 15:11:03 +0000 2017
836955209993703425,836955209993703425,,,Pence: No one will ‚Äúfall through the cracks‚Äù in ObamaCare repeal https://t.co/7nQs3xYzGL,Harrisburg,741384337,"{'created_at': 'Wed Mar 01 15:04:06 +0000 2017', 'id': 836955209993703425, 'id_str': '836955209993703425', 'text': 'Pence: No one will ‚Äúfall through the cracks‚Äù in ObamaCare repeal https://t.co/7nQs3xYzGL', 'truncated': False, 'entities': {'hashtags': [], 'symbols': [], 'user_mentions': [], 'urls': [{'url': 'https://t.co/7nQs3xYzGL', 'expanded_url': 'http://ift.tt/2mESICs', 'display_url': 'ift.tt/2mESICs', 'indices': [65, 88]}]}, 'metadata': {'iso_language_code': 'en', 'result_type': 'recent'}, 'source': '<a href=""https://ifttt.com"" rel=""nofollow"">IFTTT</a>', 'in_reply_to_status_id': None, 'in_reply_to_status_id_str': None, 'in_reply_to_user_id': None, 'in_reply_to_user_id_str': None, 'in_reply_to_screen_name': None, 'user': {'id': 741384337, 'id_str': '741384337', 'name': 'Pete Rawley', 'screen_name': 'nomorebamaplz', 'location': 'Harrisburg', 'description': ""Truth has no place in Obama's America. Gun regulation = taking away our guns. Illegal immigrants: Go home & get to the back of the line"", 'url': None, 'entities': {'description': {'urls': []}}, 'protected': False, 'followers_count': 42, 'friends_count': 104, 'listed_count': 11, 'created_at': 'Mon Aug 06 20:33:40 +0000 2012', 'favourites_count': 0, 'utc_offset': None, 'time_zone': None, 'geo_enabled': False, 'verified': False, 'statuses_count': 26705, 'lang': 'en', 'contributors_enabled': False, 'is_translator': False, 'is_translation_enabled': False, 'profile_background_color': 'C0DEED', 'profile_background_image_url': 'http://abs.twimg.com/images/themes/theme1/bg.png', 'profile_background_image_url_https': 'https://abs.twimg.com/images/themes/theme1/bg.png', 'profile_background_tile': False, 'profile_image_url': 'http://pbs.twimg.com/profile_images/769167688417550336/u7nMJvGE_normal.jpg', 'profile_image_url_https': 'https://pbs.twimg.com/profile_images/769167688417550336/u7nMJvGE_normal.jpg', 'profile_link_color': '1DA1F2', 'profile_sidebar_border_color': 'C0DEED', 'profile_sidebar_fill_color': 'DDEEF6', 'profile_text_color': '333333', 'profile_use_background_image': True, 'has_extended_profile': False, 'default_profile': True, 'default_profile_image': False, 'following': None, 'follow_request_sent': None, 'notifications': None, 'translator_type': 'none'}, 'geo': None, 'coordinates': None, 'place': None, 'contributors': None, 'is_quote_status': False, 'retweet_count': 0, 'favorite_count': 0, 'favorited': False, 'retweeted': False, 'possibly_sensitive': False, 'lang': 'en'}",none,Wed Mar 01 15:04:06 +0000 2017
836943713515417602,836943713515417602,,,"RT @GeminijlwWilson: To understand what Obamacare replacement would do, follow the money https://t.co/ASRi9M7xKP via @HuffPostPol",,800676192,"{'created_at': 'Wed Mar 01 14:18:25 +0000 2017', 'id': 836943713515417602, 'id_str': '836943713515417602', 'text': 'RT @GeminijlwWilson: To understand what Obamacare replacement would do, follow the money https://t.co/ASRi9M7xKP via @HuffPostPol', 'truncated': False, 'entities': {'hashtags': [], 'symbols': [], 'user_mentions': [{'screen_name': 'GeminijlwWilson', 'name': 'jackie', 'id': 327022004, 'id_str': '327022004', 'indices': [3, 19]}, {'screen_name': 'HuffPostPol', 'name': 'HuffPost Politics', 'id': 15458694, 'id_str': '15458694', 'indices': [117, 129]}], 'urls': [{'url': 'https://t.co/ASRi9M7xKP', 'expanded_url': 'http://www.huffingtonpost.com/entry/obamacare-replacement-money_us_58b6196ee4b060480e0cc800?ncid=engmodushpmg00000004', 'display_url': 'huffingtonpost.com/entry/obamacar‚Ä¶', 'indices': [89, 112]}]}, 'metadata': {'iso_language_code': 'en', 'result_type': 'recent'}, 'source': '<a href=""https://mobile.twitter.com"" rel=""nofollow"">Mobile Web (M5)</a>', 'in_reply_to_status_id': None, 'in_reply_to_status_id_str': None, 'in_reply_to_user_id': None, 'in_reply_to_user_id_str': None, 'in_reply_to_screen_name': None, 'user': {'id': 800676192, 'id_str': '800676192', 'name': 'Trisha leblanc', 'screen_name': 'whitedogl', 'location': '', 'description': '', 'url': None, 'entities': {'description': {'urls': []}}, 'protected': False, 'followers_count': 240, 'friends_count': 35, 'listed_count': 41, 'created_at': 'Mon Sep 03 15:57:58 +0000 2012', 'favourites_count': 29742, 'utc_offset': None, 'time_zone': None, 'geo_enabled': False, 'verified': False, 'statuses_count': 39812, 'lang': 'en', 'contributors_enabled': False, 'is_translator': False, 'is_translation_enabled': False, 'profile_background_color': 'C0DEED', 'profile_background_image_url': 'http://abs.twimg.com/images/themes/theme1/bg.png', 'profile_background_image_url_https': 'https://abs.twimg.com/images/themes/theme1/bg.png', 'profile_background_tile': False, 'profile_image_url': 'http://abs.twimg.com/sticky/default_profile_images/default_profile_1_normal.png', 'profile_image_url_https': 'https://abs.twimg.com/sticky/default_profile_images/default_profile_1_normal.png', 'profile_link_color': '1DA1F2', 'profile_sidebar_border_color': 'C0DEED', 'profile_sidebar_fill_color': 'DDEEF6', 'profile_text_color': '333333', 'profile_use_background_image': True, 'has_extended_profile': False, 'default_profile': True, 'default_profile_image': True, 'following': None, 'follow_request_sent': None, 'notifications': None, 'translator_type': 'none'}, 'geo': None, 'coordinates': None, 'place': None, 'contributors': None, 'retweeted_status': {'created_at': 'Wed Mar 01 14:18:05 +0000 2017', 'id': 836943629923016704, 'id_str': '836943629923016704', 'text': 'To understand what Obamacare replacement would do, follow the money https://t.co/ASRi9M7xKP via @HuffPostPol', 'truncated': False, 'entities': {'hashtags': [], 'symbols': [], 'user_mentions': [{'screen_name': 'HuffPostPol', 'name': 'HuffPost Politics', 'id': 15458694, 'id_str': '15458694', 'indices': [96, 108]}], 'urls': [{'url': 'https://t.co/ASRi9M7xKP', 'expanded_url': 'http://www.huffingtonpost.com/entry/obamacare-replacement-money_us_58b6196ee4b060480e0cc800?ncid=engmodushpmg00000004', 'display_url': 'huffingtonpost.com/entry/obamacar‚Ä¶', 'indices': [68, 91]}]}, 'metadata': {'iso_language_code': 'en', 'result_type': 'recent'}, 'source': '<a href=""http://twitter.com"" rel=""nofollow"">Twitter Web Client</a>', 'in_reply_to_status_id': None, 'in_reply_to_status_id_str': None, 'in_reply_to_user_id': None, 'in_reply_to_user_id_str': None, 'in_reply_to_screen_name': None, 'user': {'id': 327022004, 'id_str': '327022004', 'name': 'jackie', 'screen_name': 'GeminijlwWilson', 'location': 'Harrisburg, Pa', 'description': 'Am 63 year old, retiree, live on a shoe string, believe in making changes today.  Occupy everything.', 'url': None, 'entities': {'description': {'urls': []}}, 'protected': False, 'followers_count': 1213, 'friends_count': 2426, 'listed_count': 60, 'created_at': 'Thu Jun 30 21:35:48 +0000 2011', 'favourites_count': 1932, 'utc_offset': -14400, 'time_zone': 'Atlantic Time (Canada)', 'geo_enabled': False, 'verified': False, 'statuses_count': 36255, 'lang': 'en', 'contributors_enabled': False, 'is_translator': False, 'is_translation_enabled': False, 'profile_background_color': '000000', 'profile_background_image_url': 'http://abs.twimg.com/images/themes/theme1/bg.png', 'profile_background_image_url_https': 'https://abs.twimg.com/images/themes/theme1/bg.png', 'profile_background_tile': False, 'profile_image_url': 'http://pbs.twimg.com/profile_images/692919625533800448/hLGauNKE_normal.jpg', 'profile_image_url_https': 'https://pbs.twimg.com/profile_images/692919625533800448/hLGauNKE_normal.jpg', 'profile_link_color': 'DD2E44', 'profile_sidebar_border_color': '000000', 'profile_sidebar_fill_color': '000000', 'profile_text_color': '000000', 'profile_use_background_image': False, 'has_extended_profile': False, 'default_profile': False, 'default_profile_image': False, 'following': None, 'follow_request_sent': None, 'notifications': None, 'translator_type': 'none'}, 'geo': None, 'coordinates': None, 'place': None, 'contributors': None, 'is_quote_status': False, 'retweet_count': 1, 'favorite_count': 1, 'favorited': False, 'retweeted': False, 'possibly_sensitive': False, 'lang': 'en'}, 'is_quote_status': False, 'retweet_count': 1, 'favorite_count': 0, 'favorited': False, 'retweeted': False, 'possibly_sensitive': False, 'lang': 'en'}",none,Wed Mar 01 14:18:25 +0000 2017
836943629923016704,836943629923016704,,,"To understand what Obamacare replacement would do, follow the money https://t.co/ASRi9M7xKP via @HuffPostPol","Harrisburg, Pa",327022004,"{'created_at': 'Wed Mar 01 14:18:05 +0000 2017', 'id': 836943629923016704, 'id_str': '836943629923016704', 'text': 'To understand what Obamacare replacement would do, follow the money https://t.co/ASRi9M7xKP via @HuffPostPol', 'truncated': False, 'entities': {'hashtags': [], 'symbols': [], 'user_mentions': [{'screen_name': 'HuffPostPol', 'name': 'HuffPost Politics', 'id': 15458694, 'id_str': '15458694', 'indices': [96, 108]}], 'urls': [{'url': 'https://t.co/ASRi9M7xKP', 'expanded_url': 'http://www.huffingtonpost.com/entry/obamacare-replacement-money_us_58b6196ee4b060480e0cc800?ncid=engmodushpmg00000004', 'display_url': 'huffingtonpost.com/entry/obamacar‚Ä¶', 'indices': [68, 91]}]}, 'metadata': {'iso_language_code': 'en', 'result_type': 'recent'}, 'source': '<a href=""http://twitter.com"" rel=""nofollow"">Twitter Web Client</a>', 'in_reply_to_status_id': None, 'in_reply_to_status_id_str': None, 'in_reply_to_user_id': None, 'in_reply_to_user_id_str': None, 'in_reply_to_screen_name': None, 'user': {'id': 327022004, 'id_str': '327022004', 'name': 'jackie', 'screen_name': 'GeminijlwWilson', 'location': 'Harrisburg, Pa', 'description': 'Am 63 year old, retiree, live on a shoe string, believe in making changes today.  Occupy everything.', 'url': None, 'entities': {'description': {'urls': []}}, 'protected': False, 'followers_count': 1213, 'friends_count': 2426, 'listed_count': 60, 'created_at': 'Thu Jun 30 21:35:48 +0000 2011', 'favourites_count': 1932, 'utc_offset': -14400, 'time_zone': 'Atlantic Time (Canada)', 'geo_enabled': False, 'verified': False, 'statuses_count': 36255, 'lang': 'en', 'contributors_enabled': False, 'is_translator': False, 'is_translation_enabled': False, 'profile_background_color': '000000', 'profile_background_image_url': 'http://abs.twimg.com/images/themes/theme1/bg.png', 'profile_background_image_url_https': 'https://abs.twimg.com/images/themes/theme1/bg.png', 'profile_background_tile': False, 'profile_image_url': 'http://pbs.twimg.com/profile_images/692919625533800448/hLGauNKE_normal.jpg', 'profile_image_url_https': 'https://pbs.twimg.com/profile_images/692919625533800448/hLGauNKE_normal.jpg', 'profile_link_color': 'DD2E44', 'profile_sidebar_border_color': '000000', 'profile_sidebar_fill_color': '000000', 'profile_text_color': '000000', 'profile_use_background_image': False, 'has_extended_profile': False, 'default_profile': False, 'default_profile_image': False, 'following': None, 'follow_request_sent': None, 'notifications': None, 'translator_type': 'none'}, 'geo': None, 'coordinates': None, 'place': None, 'contributors': None, 'is_quote_status': False, 'retweet_count': 1, 'favorite_count': 1, 'favorited': False, 'retweeted': False, 'possibly_sensitive': False, 'lang': 'en'}",none,Wed Mar 01 14:18:05 +0000 2017
836936778791665664,836936778791665664,,,"@foxandfriends The Obamacare Mandate makes every American a SLAVE puts every American into SERVITUDE, DEMON-RATS think they are the MASTERS","Lebanon, PA",535639735,"{'created_at': 'Wed Mar 01 13:50:52 +0000 2017', 'id': 836936778791665664, 'id_str': '836936778791665664', 'text': '@foxandfriends The Obamacare Mandate makes every American a SLAVE puts every American into SERVITUDE, DEMON-RATS think they are the MASTERS', 'truncated': False, 'entities': {'hashtags': [], 'symbols': [], 'user_mentions': [{'screen_name': 'foxandfriends', 'name': 'FOX & friends', 'id': 15513604, 'id_str': '15513604', 'indices': [0, 14]}], 'urls': []}, 'metadata': {'iso_language_code': 'en', 'result_type': 'recent'}, 'source': '<a href=""http://twitter.com/download/iphone"" rel=""nofollow"">Twitter for iPhone</a>', 'in_reply_to_status_id': 836911671771713537, 'in_reply_to_status_id_str': '836911671771713537', 'in_reply_to_user_id': 15513604, 'in_reply_to_user_id_str': '15513604', 'in_reply_to_screen_name': 'foxandfriends', 'user': {'id': 535639735, 'id_str': '535639735', 'name': 'Craig A Miller', 'screen_name': 'Miller60A', 'location': 'Lebanon, PA', 'description': 'I am a Born Again Christian', 'url': None, 'entities': {'description': {'urls': []}}, 'protected': False, 'followers_count': 4, 'friends_count': 97, 'listed_count': 2, 'created_at': 'Sat Mar 24 19:32:58 +0000 2012', 'favourites_count': 26, 'utc_offset': None, 'time_zone': None, 'geo_enabled': True, 'verified': False, 'statuses_count': 324, 'lang': 'en', 'contributors_enabled': False, 'is_translator': False, 'is_translation_enabled': False, 'profile_background_color': 'C0DEED', 'profile_background_image_url': 'http://abs.twimg.com/images/themes/theme1/bg.png', 'profile_background_image_url_https': 'https://abs.twimg.com/images/themes/theme1/bg.png', 'profile_background_tile': False, 'profile_image_url': 'http://pbs.twimg.com/profile_images/770492693030039552/LfG5kAlN_normal.jpg', 'profile_image_url_https': 'https://pbs.twimg.com/profile_images/770492693030039552/LfG5kAlN_normal.jpg', 'profile_link_color': '1DA1F2', 'profile_sidebar_border_color': 'C0DEED', 'profile_sidebar_fill_color': 'DDEEF6', 'profile_text_color': '333333', 'profile_use_background_image': True, 'has_extended_profile': True, 'default_profile': True, 'default_profile_image': False, 'following': None, 'follow_request_sent': None, 'notifications': None, 'translator_type': 'none'}, 'geo': None, 'coordinates': None, 'place': None, 'contributors': None, 'is_quote_status': False, 'retweet_count': 0, 'favorite_count': 0, 'favorited': False, 'retweeted': False, 'lang': 'en'}",none,Wed Mar 01 13:50:52 +0000 2017
836936622595784704,836936622595784704,,,Clock ticking on @POTUS's #Obamacare replacement plan. #SOTU claims of more covered at lower costs seems tough.   https://t.co/8OZwbSx2SQ,"Camp Hill, PA ",25497330,"{'created_at': 'Wed Mar 01 13:50:15 +0000 2017', 'id': 836936622595784704, 'id_str': '836936622595784704', 'text': ""Clock ticking on @POTUS's #Obamacare replacement plan. #SOTU claims of more covered at lower costs seems tough.   https://t.co/8OZwbSx2SQ"", 'truncated': False, 'entities': {'hashtags': [{'text': 'Obamacare', 'indices': [26, 36]}, {'text': 'SOTU', 'indices': [55, 60]}], 'symbols': [], 'user_mentions': [{'screen_name': 'POTUS', 'name': 'President Trump', 'id': 822215679726100480, 'id_str': '822215679726100480', 'indices': [17, 23]}], 'urls': [{'url': 'https://t.co/8OZwbSx2SQ', 'expanded_url': 'http://bit.ly/2mEKOZJ', 'display_url': 'bit.ly/2mEKOZJ', 'indices': [114, 137]}]}, 'metadata': {'iso_language_code': 'en', 'result_type': 'recent'}, 'source': '<a href=""http://twitter.com"" rel=""nofollow"">Twitter Web Client</a>', 'in_reply_to_status_id': None, 'in_reply_to_status_id_str': None, 'in_reply_to_user_id': None, 'in_reply_to_user_id_str': None, 'in_reply_to_screen_name': None, 'user': {'id': 25497330, 'id_str': '25497330', 'name': 'InsuranceNewsNet', 'screen_name': 'InsNewsNet', 'location': 'Camp Hill, PA ', 'description': '[Your industry. One Source] http://t.co/pYaWjlFb is the leading trade resource for breaking news, sales strategies, expert market analyses and more.', 'url': 'http://t.co/JhyXj5ltbW', 'entities': {'url': {'urls': [{'url': 'http://t.co/JhyXj5ltbW', 'expanded_url': 'http://www.insurancenewsnet.com', 'display_url': 'insurancenewsnet.com', 'indices': [0, 22]}]}, 'description': {'urls': [{'url': 'http://t.co/pYaWjlFb', 'expanded_url': 'http://InsuranceNewsNet.com', 'display_url': 'InsuranceNewsNet.com', 'indices': [28, 48]}]}}, 'protected': False, 'followers_count': 6955, 'friends_count': 1038, 'listed_count': 227, 'created_at': 'Fri Mar 20 12:46:44 +0000 2009', 'favourites_count': 1786, 'utc_offset': -18000, 'time_zone': 'Eastern Time (US & Canada)', 'geo_enabled': True, 'verified': False, 'statuses_count': 3381, 'lang': 'en', 'contributors_enabled': False, 'is_translator': False, 'is_translation_enabled': False, 'profile_background_color': '131516', 'profile_background_image_url': 'http://abs.twimg.com/images/themes/theme14/bg.gif', 'profile_background_image_url_https': 'https://abs.twimg.com/images/themes/theme14/bg.gif', 'profile_background_tile': True, 'profile_image_url': 'http://pbs.twimg.com/profile_images/471741914249576448/kyAillYQ_normal.jpeg', 'profile_image_url_https': 'https://pbs.twimg.com/profile_images/471741914249576448/kyAillYQ_normal.jpeg', 'profile_banner_url': 'https://pbs.twimg.com/profile_banners/25497330/1401306796', 'profile_link_color': '4B98AB', 'profile_sidebar_border_color': '0C1C42', 'profile_sidebar_fill_color': 'D0D5DB', 'profile_text_color': '333333', 'profile_use_background_image': True, 'has_extended_profile': False, 'default_profile': False, 'default_profile_image': False, 'following': None, 'follow_request_sent': None, 'notifications': None, 'translator_type': 'none'}, 'geo': None, 'coordinates': None, 'place': None, 'contributors': None, 'is_quote_status': False, 'retweet_count': 0, 'favorite_count': 0, 'favorited': False, 'retweeted': False, 'possibly_sensitive': False, 'lang': 'en'}",none,Wed Mar 01 13:50:15 +0000 2017
836788776370376704,836788776370376704,,,@BenAllenWITF @Phrogg1822 best I can do at 11pm lol - https://t.co/zJCMBAxaJW,"Harrisburg, PA",17539405,"{'created_at': 'Wed Mar 01 04:02:45 +0000 2017', 'id': 836788776370376704, 'id_str': '836788776370376704', 'text': '@BenAllenWITF @Phrogg1822 best I can do at 11pm lol - https://t.co/zJCMBAxaJW', 'truncated': False, 'entities': {'hashtags': [], 'symbols': [], 'user_mentions': [{'screen_name': 'BenAllenWITF', 'name': 'Ben Allen', 'id': 334887097, 'id_str': '334887097', 'indices': [0, 13]}, {'screen_name': 'Phrogg1822', 'name': 'Pierre', 'id': 174241686, 'id_str': '174241686', 'indices': [14, 25]}], 'urls': [{'url': 'https://t.co/zJCMBAxaJW', 'expanded_url': 'http://m.huffpost.com/us/entry/4573596', 'display_url': 'm.huffpost.com/us/entry/45735‚Ä¶', 'indices': [54, 77]}]}, 'metadata': {'iso_language_code': 'en', 'result_type': 'recent'}, 'source': '<a href=""http://twitter.com/download/iphone"" rel=""nofollow"">Twitter for iPhone</a>', 'in_reply_to_status_id': 836788545838800896, 'in_reply_to_status_id_str': '836788545838800896', 'in_reply_to_user_id': 334887097, 'in_reply_to_user_id_str': '334887097', 'in_reply_to_screen_name': 'BenAllenWITF', 'user': {'id': 17539405, 'id_str': '17539405', 'name': 'Brian J. Ostella', 'screen_name': 'bostella', 'location': 'Harrisburg, PA', 'description': ""Project Manager. Servant Leader. Strategic Thinker. Civic Warrior. @Abby_140's lesser half."", 'url': None, 'entities': {'description': {'urls': []}}, 'protected': False, 'followers_count': 1364, 'friends_count': 324, 'listed_count': 74, 'created_at': 'Fri Nov 21 16:23:20 +0000 2008', 'favourites_count': 17, 'utc_offset': -18000, 'time_zone': 'Eastern Time (US & Canada)', 'geo_enabled': False, 'verified': False, 'statuses_count': 15610, 'lang': 'en', 'contributors_enabled': False, 'is_translator': False, 'is_translation_enabled': False, 'profile_background_color': '022330', 'profile_background_image_url': 'http://abs.twimg.com/images/themes/theme15/bg.png', 'profile_background_image_url_https': 'https://abs.twimg.com/images/themes/theme15/bg.png', 'profile_background_tile': False, 'profile_image_url': 'http://pbs.twimg.com/profile_images/819623721333911552/5Hml3M26_normal.jpg', 'profile_image_url_https': 'https://pbs.twimg.com/profile_images/819623721333911552/5Hml3M26_normal.jpg', 'profile_banner_url': 'https://pbs.twimg.com/profile_banners/17539405/1445384475', 'profile_link_color': '0084B4', 'profile_sidebar_border_color': 'A8C7F7', 'profile_sidebar_fill_color': 'C0DFEC', 'profile_text_color': '333333', 'profile_use_background_image': True, 'has_extended_profile': False, 'default_profile': False, 'default_profile_image': False, 'following': None, 'follow_request_sent': None, 'notifications': None, 'translator_type': 'none'}, 'geo': None, 'coordinates': None, 'place': None, 'contributors': None, 'is_quote_status': False, 'retweet_count': 0, 'favorite_count': 0, 'favorited': False, 'retweeted': False, 'possibly_sensitive': False, 'lang': 'en'}",none,Wed Mar 01 04:02:45 +0000 2017
836774105626128384,836774105626128384,,,Remember all these brave Congressional Dems fighting #Trump during their re-elections last year when he attacked #Obamacare? (They didn't.),Where do you want me?,54949405,"{'created_at': 'Wed Mar 01 03:04:27 +0000 2017', 'id': 836774105626128384, 'id_str': '836774105626128384', 'text': ""Remember all these brave Congressional Dems fighting #Trump during their re-elections last year when he attacked #Obamacare? (They didn't.)"", 'truncated': False, 'entities': {'hashtags': [{'text': 'Trump', 'indices': [53, 59]}, {'text': 'Obamacare', 'indices': [113, 123]}], 'symbols': [], 'user_mentions': [], 'urls': []}, 'metadata': {'iso_language_code': 'en', 'result_type': 'recent'}, 'source': '<a href=""http://twitter.com/download/iphone"" rel=""nofollow"">Twitter for iPhone</a>', 'in_reply_to_status_id': None, 'in_reply_to_status_id_str': None, 'in_reply_to_user_id': None, 'in_reply_to_user_id_str': None, 'in_reply_to_screen_name': None, 'user': {'id': 54949405, 'id_str': '54949405', 'name': 'Real_Dave_La_Torre', 'screen_name': 'David_LaTorre', 'location': 'Where do you want me?', 'description': 'Former journalist and spokesman to a PA governor. PR Crisis Pro. On the road...', 'url': 'http://t.co/ClyIVohjoG', 'entities': {'url': {'urls': [{'url': 'http://t.co/ClyIVohjoG', 'expanded_url': 'http://www.latorrecommunications.com', 'display_url': 'latorrecommunications.com', 'indices': [0, 22]}]}, 'description': {'urls': []}}, 'protected': False, 'followers_count': 1565, 'friends_count': 1084, 'listed_count': 83, 'created_at': 'Wed Jul 08 16:39:43 +0000 2009', 'favourites_count': 2825, 'utc_offset': -18000, 'time_zone': 'Eastern Time (US & Canada)', 'geo_enabled': True, 'verified': False, 'statuses_count': 25358, 'lang': 'en', 'contributors_enabled': False, 'is_translator': False, 'is_translation_enabled': False, 'profile_background_color': '1A1B1F', 'profile_background_image_url': 'http://abs.twimg.com/images/themes/theme9/bg.gif', 'profile_background_image_url_https': 'https://abs.twimg.com/images/themes/theme9/bg.gif', 'profile_background_tile': False, 'profile_image_url': 'http://pbs.twimg.com/profile_images/484657463/SteveDallas2Jpg_normal.jpg', 'profile_image_url_https': 'https://pbs.twimg.com/profile_images/484657463/SteveDallas2Jpg_normal.jpg', 'profile_banner_url': 'https://pbs.twimg.com/profile_banners/54949405/1436108953', 'profile_link_color': '2FC2EF', 'profile_sidebar_border_color': '181A1E', 'profile_sidebar_fill_color': '252429', 'profile_text_color': '666666', 'profile_use_background_image': True, 'has_extended_profile': False, 'default_profile': False, 'default_profile_image': False, 'following': None, 'follow_request_sent': None, 'notifications': None, 'translator_type': 'none'}, 'geo': None, 'coordinates': None, 'place': {'id': 'a93638d9055b5624', 'url': 'https://api.twitter.com/1.1/geo/id/a93638d9055b5624.json', 'place_type': 'city', 'name': 'Camp Hill', 'full_name': 'Camp Hill, PA', 'country_code': 'US', 'country': 'United States', 'contained_within': [], 'bounding_box': {'type': 'Polygon', 'coordinates': [[[-76.944227, 40.2298234], [-76.906489, 40.2298234], [-76.906489, 40.25942], [-76.944227, 40.25942]]]}, 'attributes': {}}, 'contributors': None, 'is_quote_status': False, 'retweet_count': 2, 'favorite_count': 3, 'favorited': False, 'retweeted': False, 'lang': 'en'}",none,Wed Mar 01 03:04:27 +0000 2017
836769877562097664,836769877562097664,,,Still no meat on the Obamacare replacement?  Just might make the sell better? Just might?,"Hershey, Penna",110512682,"{'created_at': 'Wed Mar 01 02:47:39 +0000 2017', 'id': 836769877562097664, 'id_str': '836769877562097664', 'text': 'Still no meat on the Obamacare replacement?  Just might make the sell better? Just might?', 'truncated': False, 'entities': {'hashtags': [], 'symbols': [], 'user_mentions': [], 'urls': []}, 'metadata': {'iso_language_code': 'en', 'result_type': 'recent'}, 'source': '<a href=""http://twitter.com/download/iphone"" rel=""nofollow"">Twitter for iPhone</a>', 'in_reply_to_status_id': None, 'in_reply_to_status_id_str': None, 'in_reply_to_user_id': None, 'in_reply_to_user_id_str': None, 'in_reply_to_screen_name': None, 'user': {'id': 110512682, 'id_str': '110512682', 'name': 'SkepReview (Howard)', 'screen_name': 'SkepReview', 'location': 'Hershey, Penna', 'description': 'This is the official Twitter feed of the Skeptical Review blog.', 'url': 'http://t.co/1JR35tjJEx', 'entities': {'url': {'urls': [{'url': 'http://t.co/1JR35tjJEx', 'expanded_url': 'http://SkepReview.com', 'display_url': 'SkepReview.com', 'indices': [0, 22]}]}, 'description': {'urls': []}}, 'protected': False, 'followers_count': 276, 'friends_count': 196, 'listed_count': 22, 'created_at': 'Mon Feb 01 20:27:48 +0000 2010', 'favourites_count': 239, 'utc_offset': -18000, 'time_zone': 'Quito', 'geo_enabled': True, 'verified': False, 'statuses_count': 8169, 'lang': 'en', 'contributors_enabled': False, 'is_translator': False, 'is_translation_enabled': False, 'profile_background_color': '0099B9', 'profile_background_image_url': 'http://pbs.twimg.com/profile_background_images/171630049/IMG_1783.jpg', 'profile_background_image_url_https': 'https://pbs.twimg.com/profile_background_images/171630049/IMG_1783.jpg', 'profile_background_tile': True, 'profile_image_url': 'http://pbs.twimg.com/profile_images/3289603164/19043f9df5f0ee69f3b84a3c821a58de_normal.jpeg', 'profile_image_url_https': 'https://pbs.twimg.com/profile_images/3289603164/19043f9df5f0ee69f3b84a3c821a58de_normal.jpeg', 'profile_banner_url': 'https://pbs.twimg.com/profile_banners/110512682/1361498051', 'profile_link_color': '0099B9', 'profile_sidebar_border_color': '5ED4DC', 'profile_sidebar_fill_color': '95E8EC', 'profile_text_color': '3C3940', 'profile_use_background_image': True, 'has_extended_profile': False, 'default_profile': False, 'default_profile_image': False, 'following': None, 'follow_request_sent': None, 'notifications': None, 'translator_type': 'none'}, 'geo': None, 'coordinates': None, 'place': {'id': '8647282dba1cee1e', 'url': 'https://api.twitter.com/1.1/geo/id/8647282dba1cee1e.json', 'place_type': 'city', 'name': 'Hershey', 'full_name': 'Hershey, PA', 'country_code': 'US', 'country': 'United States', 'contained_within': [], 'bounding_box': {'type': 'Polygon', 'coordinates': [[[-76.689419, 40.246151], [-76.601027, 40.246151], [-76.601027, 40.302317], [-76.689419, 40.302317]]]}, 'attributes': {}}, 'contributors': None, 'is_quote_status': False, 'retweet_count': 0, 'favorite_count': 0, 'favorited': False, 'retweeted': False, 'lang': 'en'}",none,Wed Mar 01 02:47:39 +0000 2017
